Beat_Index,Katz_FD,Higuchi_FD,Petrosian_FD
0,1.0287851419192928,0.22835384840749443,1.0037474610981054
