Beat_Index,Katz_FD,Higuchi_FD,Petrosian_FD
0,1.1396420093844477,0.2095394953163042,1.001028207576531
1,1.1500599694851343,0.18569073712374637,1.000740092050285
2,1.1146717563029824,0.3523179910369683,1.002148333653725
3,1.2172047278410536,0.307178466246205,1.0044820364230733
4,1.187993260291183,0.3424369678390378,1.0018973663795727
5,1.0211603336863952,1.1158596736810835,1.0095725531344126
6,1.1635270210512483,0.27530716011270945,1.0037514497899225
7,1.0222447209938332,0.511565320045016,1.0044820364230733
