Beat_Index,Katz_FD,Higuchi_FD,Petrosian_FD
0,1.2857517840988566,0.7141873314751415,1.0037474610981054
1,1.4871102816373778,0.615769840904466,1.0042750301461572
