Beat_Index,Katz_FD,Higuchi_FD,Petrosian_FD
0,1.103913870423322,0.31060489120846146,1.0092009040262175
1,1.3002939856891842,0.8434261508065839,1.0089933394045216
2,1.128148325940348,0.3519372575981475,1.004860086756363
3,1.130809518179441,1.0309020940282074,1.0039095082056624
4,1.1013680681201048,0.1960842536753274,1.0052282694006467
5,1.1716922969028571,0.2647972076878045,1.0062557060274162
6,1.0975985796001997,1.0682030704762624,1.0039095082056624
